Workbook

Sheet Risk Register
A1: XLS-002 — Risk Register
A2: PMOC Software | Fase 1 | v0.2 DRAFT | 22/09/2026 | Origem das alterações: Services.NET Phase 1 Audit — Approved | Status: aguardando segunda revisão formal da Services.NET | Score = Probabilidade x Impacto (escala 1 a 5).
A4: ID | B4: Categoria | C4: Descrição do risco | D4: Consequência | E4: Autoridade responsável | F4: Prob. (1-5) | G4: Impacto (1-5) | H4: Score | I4: Estratégia | J4: Resposta / Mitigação | K4: Status | L4: Alterado em
A5: RSK-001 | B5: Regulatório | C5: Indefinição quanto à extensão da aplicabilidade da ABNT NBR 17037 como referência de qualidade do ar interior após a revogação da RE 9/2003 pela RDC 886/2024, e quanto a quais requisitos do produto dela derivam | D5: Parâmetros e checklists com lastro normativo incorreto; PMOC questionável | E5: Jurídico (STK-007) | F5: 3 | G5: 4 | H5: =F5*G5 -> 12 | I5: Mitigar | J5: Compliance as Data isola o impacto ao dado; conteúdo regulatório não carregado sem validação (OOS-015); parecer jurídico e técnico solicitados; aquisição legítima da norma (DEP-003) | K5: Aberto | L5: v0.2 — reformulado; score reduzido de 20 para 12 após incorporação da referência à NBR 17037
A6: RSK-002 | B6: Segurança | C6: Vazamento de dados entre tenants por falha de escopo em consulta ou autorização | D6: Incidente grave, perda de confiança, exposição legal | E6: Architect (STK-003) / Segurança (STK-005) | F6: 2 | G6: 5 | H6: =F6*G6 -> 10 | I6: Mitigar | J6: Escopo de tenant resolvido e autorizado no servidor; testes de autorização negativa; revisão obrigatória em code review; ADR-001 define o mecanismo de isolamento | K6: Aberto | L6: v0.2 — texto alinhado à regra semântica
A7: RSK-003 | B7: Produto | C7: Escopo do MVP expandir além do ciclo mínimo (scope creep) | D7: Atraso, custo e perda de foco | E7: Product Owner (STK-002) | F7: 4 | G7: 4 | H7: =F7*G7 -> 16 | I7: Mitigar | J7: Scope Boundary formal; gestão de mudança com avaliação de impacto | K7: Aberto | L7: v0.1
A8: RSK-004 | B8: Produto | C8: Ausência de cliente-piloto engajado leva a requisitos presumidos | D8: Produto desalinhado da operação real | E8: Product Owner (STK-002) | F8: 3 | G8: 5 | H8: =F8*G8 -> 15 | I8: Mitigar | J8: Confirmar piloto antes da Fase 2; registrar tudo não confirmado como hipótese | K8: Aberto | L8: v0.1
A9: RSK-005 | B9: Governança | C9: Agentes de desenvolvimento alteram decisões estruturantes silenciosamente | D9: Erosão arquitetural e perda de rastreabilidade | E9: Architect (STK-003) | F9: 3 | G9: 4 | H9: =F9*G9 -> 12 | I9: Mitigar | J9: AGENTS.md/CLAUDE.md com regras de ADR (Fase 10); revisão independente entre agentes | K9: Aberto | L9: v0.1
A10: RSK-006 | B10: Técnico | C10: Modelo de multi-tenancy (ADR-001) definido tardiamente | D10: Retrabalho estrutural em dados e migrações | E10: Architect (STK-003) | F10: 3 | G10: 5 | H10: =F10*G10 -> 15 | I10: Mitigar | J10: ADR-001 priorizado; até lá vale apenas a regra semântica de pertencimento e autorização | K10: Aberto | L10: v0.2 — texto alinhado ao ADR-001
A11: RSK-007 | B11: Técnico | C11: Estratégia de identificadores incompatível com operação offline futura | D11: Reconstrução de sincronização e de APIs | E11: Architect (STK-003) | F11: 2 | G11: 4 | H11: =F11*G11 -> 8 | I11: Mitigar | J11: ADR-002 antes da implementação | K11: Aberto | L11: v0.1
A12: RSK-008 | B12: Operacional | C12: Qualidade do inventário inicial do piloto insuficiente | D12: Planos e cronogramas irreais | E12: Product Owner (STK-002) | F12: 4 | G12: 3 | H12: =F12*G12 -> 12 | I12: Mitigar | J12: Importação assistida, validações de cadastro e fase de carga | K12: Aberto | L12: v0.1
A13: RSK-009 | B13: Segurança | C13: Evidências acessíveis por URL pública permanente | D13: Exposição de dados de clientes finais | E13: Architect (STK-003) | F13: 2 | G13: 4 | H13: =F13*G13 -> 8 | I13: Evitar | J13: Acesso temporário e autorizado; nunca URL pública persistente | K13: Aberto | L13: v0.1
A14: RSK-010 | B14: Privacidade | C14: Coleta de geolocalização ou de dados de manifestação de vontade sem base legal validada | D14: Não conformidade com a LGPD | E14: DPO (STK-021) | F14: 3 | G14: 4 | H14: =F14*G14 -> 12 | I14: Evitar | J14: Manter CAP-054 e CAP-058 como 'A validar'; não implementar sem parecer do DPO | K14: Aberto | L14: v0.2 — responsável alterado para DPO; texto ajustado
A15: RSK-011 | B15: Legal | C15: Reprodução indevida de norma técnica protegida por direito autoral, em especial a ABNT NBR 17037 | D15: Infração de direitos autorais | E15: Services.NET / Jurídico (STK-007) | F15: 2 | G15: 4 | H15: =F15*G15 -> 8 | I15: Evitar | J15: Referenciar, nunca reproduzir; aquisição legítima (DEP-003); revisão documental específica | K15: Aberto | L15: v0.2 — norma específica citada; relevância aumentada pela nova referência
A16: RSK-012 | B16: Técnico | C16: Volume de evidências fotográficas cresce além do previsto | D16: Custo de armazenamento e degradação de desempenho | E16: Ops (STK-006) | F16: 3 | G16: 3 | H16: =F16*G16 -> 9 | I16: Mitigar | J16: Política de retenção, compressão e storage adequado | K16: Aberto | L16: v0.1
... A23: RSK-019 | B23: Produto | C23: PMOC emitido perder fidelidade ao estado que o originou, por alteração posterior de cadastro de ativo, plano ou regra | D23: Documento histórico muda de significado; perda de valor probatório e de defensabilidade do responsável técnico | E23: Architect (STK-003) / Resp. técnico (STK-012) | F23: 4 | G23: 4 | H23: =F23*G23 -> 16 | I23: Mitigar | J23: Princípio PP-13 registrado; mecanismo de preservação do estado de referência a definir nas Fases 3 e 6 (OQ-020); critério AC-MVP-02 atualizado | K23: Aberto | L23: v0.2 — NOVO

Sheet Summary
A1: XLS-002 — Resumo (v0.2)
A2: Contagens calculadas sobre as linhas de dados (a linha de cabeçalho está na linha 4 e é excluída).
A4: Riscos registrados | B4: =COUNTA('Risk Register'!A5:A200) -> 19
A5: Riscos abertos | B5: =COUNTIF('Risk Register'!K5:K200,"Aberto") -> 19
A6: Score máximo | B6: =MAX('Risk Register'!H5:H23) -> 16
A7: Score médio | B7: =ROUND(AVERAGE('Risk Register'!H5:H23),1) -> 11.7
A8: Riscos com score >= 15 | B8: =COUNTIF('Risk Register'!H5:H23,">=15") -> 5
A10: Esperado — riscos | B10: 19
A11: Riscos novos na v0.2 | B11: 1
A12: Riscos alterados na v0.2 | B12: 8
